Country,Year,Status,Life_Expectancy,Adult_Mortality,Infant_Deaths,Alcohol,Percentage_Exp,HepatitisB,Measles,BMI,Under_Five_Deaths,Polio,Tot_Exp,Diphtheria,HIV/AIDS,GDP,Population,thinness_1to19_years,thinness_5to9_years,Income_Comp_Of_Resources,Schooling
Afghanistan,2015,Developing,65.0,263.0,62,0.01,71.27962362,65.0,1154,19.1,83,6.0,8.16,65.0,0.1,584.25921,33736494.0,17.2,17.3,0.479,10.1
Afghanistan,2014,Developing,59.9,271.0,64,0.01,73.52358168,62.0,492,18.6,86,58.0,8.18,62.0,0.1,612.696514,327582.0,17.5,17.5,0.476,10.0
Afghanistan,2013,Developing,59.9,268.0,66,0.01,73.21924272,64.0,430,18.1,89,62.0,8.13,64.0,0.1,631.744976,31731688.0,17.7,17.7,0.47,9.9
Afghanistan,2012,Developing,59.5,272.0,69,0.01,78.1842153,67.0,2787,17.6,93,67.0,8.52,67.0,0.1,669.959,3696958.0,17.9,18.0,0.463,9.8
Afghanistan,2011,Developing,59.2,275.0,71,0.01,7.097108703,68.0,3013,17.2,97,68.0,7.87,68.0,0.1,63.537231,2978599.0,18.2,18.2,0.454,9.5
